Workbook

Sheet CO-PO Mapping
A1: DEPARTMENT OF COMPUTER SCIENCE
A2: CO to PO & PSO Mapping
A3: II Year III Semester
A4: SUBJECT: Advanced Engineering Mathematics Faculty: Dr. Kalpana Fatawat
A5: Course Outcome | B5: PO1 | C5: PO2 | D5: PO3 | E5: PO4 | F5: PO5 | G5: PO6 | H5: PO7 | I5: PO8 | J5: PO9 | K5: PO10 | L5: PO11 | M5: PO12 | N5: PSO1 | O5: PSO2 | P5: PSO3
A6: CO23CS201.1 | B6: 2 | C6: 2 | D6: 0 | E6: 1 | F6: 1 | G6: 0 | H6: 0 | I6: 0 | J6: 0 | K6: 0 | L6: 0 | M6: 1 | N6: 0 | O6: 0 | P6: 0
A7: CO23CS201.2 | B7: 2 | C7: 2 | D7: 0 | E7: 1 | F7: 1 | G7: 0 | H7: 0 | I7: 0 | J7: 0 | K7: 0 | L7: 0 | M7: 1 | N7: 0 | O7: 0 | P7: 0
A8: CO23CS201.3 | B8: 2 | C8: 2 | D8: 0 | E8: 1 | F8: 1 | G8: 0 | H8: 0 | I8: 0 | J8: 0 | K8: 0 | L8: 0 | M8: 1 | N8: 0 | O8: 0 | P8: 0
A9: CO23CS201.4 | B9: 2 | C9: 2 | D9: 0 | E9: 1 | F9: 1 | G9: 0 | H9: 0 | I9: 0 | J9: 0 | K9: 0 | L9: 0 | M9: 1 | N9: 0 | O9: 0 | P9: 0
A10: CO23CS201.5 | B10: 2 | C10: 2 | D10: 0 | E10: 1 | F10: 1 | G10: 1 | H10: 0 | I10: 1 | J10: 0 | K10: 0 | L10: 0 | M10: 1 | N10: 0 | O10: 0 | P10: 0
A11: CO35CS203 Avg | B11: =AVERAGE(B6:B10) | C11: =AVERAGE(C6:C10) | D11: =AVERAGE(D6:D10) | E11: =AVERAGE(E6:E10) | F11: =AVERAGE(F6:F10) | G11: =AVERAGE(G6:G10) | H11: =AVERAGE(H6:H10) | I11: =AVERAGE(I6:I10) | ... P11: =AVERAGE(P6:P10)
A12: 3CS2-01 (AVG) | B12: =ROUND(B11,0) | C12: =ROUND(C11,0) | D12: =ROUND(D11,0) | E12: =ROUND(E11,0) | F12: =ROUND(F11,0) | G12: =ROUND(G11,0) | H12: =ROUND(H11,0) | I12: =ROUND(I11,0) | ... P12: =ROUND(P11,0)
A13: Signature Subject Teacher

Sheet Sessional + End Term Assessment
A1: ='CO-PO Mapping'!A1:P1
A2: End Term and Sessional Assessment Sheet
A3: ='CO-PO Mapping'!A3:P3
A4: ='CO-PO Mapping'!A4:P4
A5: S.NO. | B5: RollNo | C5: Name | D5: END TERM MARKS | E5: SESSIONAL MARKS | F5: TOTAL | G5: Course Attainment with Target in %
C6: MAX MARKS | D6: 70 | E6: 30 | F6: =D6+E6 | G6: t_End Term Exam | H6: t_Sessional Exam
A7: Set Target Level | D7: 0.6 | E7: 0.7 | G7: 0.6 | H7: 0.7
A8: 1 | B8: 20ETCCS095 | C8: RAUNAK JAIN | D8: 45 | E8: 30 | F8: =D8+E8 | G8: =IF((D8/$D$6)>=$D$7,1,0) | H8: =IF((E8/$E$6)>=$E$7,1,0)
A9: 2 | B9: 22ETCCS001 | C9: AADARSH SONI | D9: 30 | E9: 26 | F9: =D9+E9 | G9: =IF((D9/$D$6)>=$D$7,1,0) | H9: =IF((E9/$E$6)>=$E$7,1,0)
A10: 3 | B10: 22ETCCS002 | C10: ABDUL ATTIF | D10: 39 | E10: 26 | F10: =D10+E10 | G10: =IF((D10/$D$6)>=$D$7,1,0) | H10: =IF((E10/$E$6)>=$E$7,1,0)
A11: 4 | B11: 22ETCCS003 | C11: ABHIJEET GARG | D11: 49 | E11: 30 | F11: =D11+E11 | G11: =IF((D11/$D$6)>=$D$7,1,0) | H11: =IF((E11/$E$6)>=$E$7,1,0)
A12: 5 | B12: 22ETCCS004 | C12: ADITYA CHHIPA | D12: 45 | E12: 29 | F12: =D12+E12 | G12: =IF((D12/$D$6)>=$D$7,1,0) | H12: =IF((E12/$E$6)>=$E$7,1,0)
A13: 6 | B13: 22ETCCS005 | C13: ADITYA GIRI GOSWAMI | D13: 57 | E13: 29 | F13: =D13+E13 | G13: =IF((D13/$D$6)>=$D$7,1,0) | H13: =IF((E13/$E$6)>=$E$7,1,0)
A14: 7 | B14: 22ETCCS006 | C14: ADITYA SHARMA | D14: 54 | E14: 30 | F14: =D14+E14 | G14: =IF((D14/$D$6)>=$D$7,1,0) | H14: =IF((E14/$E$6)>=$E$7,1,0)
A15: 8 | B15: 22ETCCS007 | C15: AJIT KUMAR | D15: 55 | E15: 30 | F15: =D15+E15 | G15: =IF((D15/$D$6)>=$D$7,1,0) | H15: =IF((E15/$E$6)>=$E$7,1,0)
A16: 9 | B16: 22ETCCS008 | C16: AKASH SONI | D16: 29 | E16: 29 | F16: =D16+E16 | G16: =IF((D16/$D$6)>=$D$7,1,0) | H16: =IF((E16/$E$6)>=$E$7,1,0)
A17: 10 | B17: 22ETCCS009 | C17: AKSHAT JANGID | D17: 40 | E17: 30 | F17: =D17+E17 | G17: =IF((D17/$D$6)>=$D$7,1,0) | H17: =IF((E17/$E$6)>=$E$7,1,0)
A18: 11 | B18: 22ETCCS010 | C18: AKSHAT KUMAR SAINI | D18: 57 | E18: 29 | F18: =D18+E18 | G18: =IF((D18/$D$6)>=$D$7,1,0) | H18: =IF((E18/$E$6)>=$E$7,1,0)
A19: 12 | B19: 22ETCCS011 | C19: AKSHI BARGURJAR | D19: 53 | E19: 29 | F19: =D19+E19 | G19: =IF((D19/$D$6)>=$D$7,1,0) | H19: =IF((E19/$E$6)>=$E$7,1,0)
... A186: 179 | B186: 23ETCCS204 | C186: YASH SINGHATWADIA | D186: 31 | E186: 20 | F186: =D186+E186 | G186: =IF((D186/$D$6)>=$D$7,1,0) | H186: =IF((E186/$E$6)>=$E$7,1,0)
F187: =D187+E187 | G187: =IF((D187/$D$6)>=$D$7,1,0) | H187: =IF((E187/$E$6)>=$E$7,1,0)
F188: =D188+E188 | G188: =IF((D188/$D$6)>=$D$7,1,0) | H188: =IF((E188/$E$6)>=$E$7,1,0)
F189: =D189+E189 | G189: =IF((D189/$D$6)>=$D$7,1,0) | H189: =IF((E189/$E$6)>=$E$7,1,0)
F190: =D190+E190 | G190: =IF((D190/$D$6)>=$D$7,1,0) | H190: =IF((E190/$E$6)>=$E$7,1,0)
F191: =D191+E191 | G191: =IF((D191/$D$6)>=$D$7,1,0) | H191: =IF((E191/$E$6)>=$E$7,1,0)
F192: =D192+E192 | G192: =IF((D192/$D$6)>=$D$7,1,0) | H192: =IF((E192/$E$6)>=$E$7,1,0)
F193: =D193+E193 | G193: =IF((D193/$D$6)>=$D$7,1,0) | H193: =IF((E193/$E$6)>=$E$7,1,0)
F194: =D194+E194 | G194: =IF((D194/$D$6)>=$D$7,1,0) | H194: =IF((E194/$E$6)>=$E$7,1,0)
F195: =D195+E195 | G195: =IF((D195/$D$6)>=$D$7,1,0) | H195: =IF((E195/$E$6)>=$E$7,1,0)
F196: =D196+E196 | G196: =IF((D196/$D$6)>=$D$7,1,0) | H196: =IF((E196/$E$6)>=$E$7,1,0)
F197: =D197+E197 | G197: =IF((D197/$D$6)>=$D$7,1,0) | H197: =IF((E197/$E$6)>=$E$7,1,0)
F198: =D198+E198 | G198: =IF((D198/$D$6)>=$D$7,1,0) | H198: =IF((E198/$E$6)>=$E$7,1,0)
... F219: =D219+E219 | G219: =IF((D219/$D$6)>=$D$7,1,0) | H219: =IF((E219/$E$6)>=$E$7,1,0)
D220: 212 | E220: 212 | G220: =COUNTIF(G8:G219,1) | H220: =COUNTIF(H8:H219,1)
A221: CO Attainment Calculation | D221: % of students get >= Target % | E221: CO Attainment Level | F221: Signature Subject Teacher
A222: Attainment of End Term Exam | D222: =ROUND((G220/D220*100),0) | E222: =IF(D222>100,"ERROR",IF(D222>=61,3,IF(D222>=46,2,IF(D222>=16,1,IF(D222>15,0,0)))))
A223: Attainment of Sessional Exam | D223: =ROUND((H220/E220*100),0) | E223: =IF(D223>100,"ERROR",IF(D223>=61,3,IF(D223>=46,2,IF(D223>=16,1,IF(D223>15,0,0)))))

Sheet Attainment of Subject Code
A1: ='CO-PO Mapping'!A1:P1
A2: Attainment of Subject
A3: ='CO-PO Mapping'!A3:P3
A4: ='CO-PO Mapping'!A4:P4
A5: Course code as per NBA | B5: Subject Code | C5: % of students securing 60% or more Marks in theory | D5: Attainment Level | E5: Attainment Level considering 80% weightage | F5: % of students securing 75% or more Marks in sessional | G5: Attainment Level | H5: Attainment Level considering 20% weightage | I5: Total Attinment
A6: ='CO-PO Mapping'!A11 | B6: 5CS2-03 | C6: ='Sessional + End Term Assessment'!D222 | D6: ='Sessional + End Term Assessment'!E222 | E6: =D6*'Sessional + End Term Assessment'!D6/'Sessional + End Term Assessment'!F6 | F6: ='Sessional + End Term Assessment'!D223 | G6: ='Sessional + End Term Assessment'!E223 | H6: =G6*'Sessional + End Term Assessment'!E6/'Sessional + End Term Assessment'!F6 | I6: =E6+H6
A7: Signature HOD | G7: Signature Subject Teacher

Sheet Attainment Tool 1 C to PO
A1: ='CO-PO Mapping'!A1:P1
A2: CO to PO & PSO Attainment Through End Term Assessment
A3: ='CO-PO Mapping'!A4:P4
A5: Course | B5: PO1 | C5: PO2 | D5: PO3 | E5: PO4 | F5: PO5 | G5: PO6 | H5: PO7 | I5: PO8 | J5: PO9 | K5: PO10 | L5: PO11 | M5: PO12 | N5: PSO1 | O5: PSO2 | P5: PSO3
A6: ='CO-PO Mapping'!A11 | B6: ='Attainment of Subject Code'!$I$6*'CO-PO Mapping'!B12/3 | C6: ='Attainment of Subject Code'!$I$6*'CO-PO Mapping'!C12/3 | D6: ='Attainment of Subject Code'!$I$6*'CO-PO Mapping'!D12/3 | E6: ='Attainment of Subject Code'!$I$6*'CO-PO Mapping'!E12/3 | F6: ='Attainment of Subject Code'!$I$6*'CO-PO Mapping'!F12/3 | G6: ='Attainment of Subject Code'!$I$6*'CO-PO Mapping'!G12/3 | H6: ='Attainment of Subject Code'!$I$6*'CO-PO Mapping'!H12/3 | I6: ='Attainment of Subject Code'!$I$6*'CO-PO Mapping'!I12/3 | ... P6: ='Attainment of Subject Code'!$I$6*'CO-PO Mapping'!P12/3
A7: Signature Subject Teacher

Sheet  MID Term 1
A1: ='CO-PO Mapping'!A1:R1
A2: MID TERM I EXAM MARK RECORD
A3: ='CO-PO Mapping'!A3:R3
A4: S.NO. | B4: RollNo | C4: NAME OF STUDENT | R4: MT1
C5: CO MAPPED | D5: CO1 | E5: Target 70% students attain 70% marks (1) | F5: Target 70% students attain 80% marks (2) | G5: Target 70% students attain 90% marks (3) | H5: CO2 | I5: Target 70% students attain 70% marks (1) | J5: Target 70% students attain 80% marks (2) | K5: Target 70% students attain 90% marks (3) | L5: CO3 | M5: Target 50% students attain 70% marks (1) | N5: Target 50% students attain 80% marks (2) | O5: Target 50% students attain 90% marks (3) | P5: CO4 | Q5: CO5
C6: MAX MARKS | D6: 28 | H6: 28 | L6: 14 | R6: 70
A7: ='Sessional + End Term Assessment'!A8 | B7: ='Sessional + End Term Assessment'!B8 | C7: ='Sessional + End Term Assessment'!C8 | D7: 27 | E7: =IF(D7>=($D$6*0.7),1,0) | F7: =IF(D7>=($D$6*0.8),1,0) | G7: =IF(D7>=($D$6*0.9),1,0) | H7: 29 | I7: =IF(H7>=($H$6*0.7),1,0) | J7: =IF(H7>=($H$6*0.7),1,0) | K7: =IF(H7>=($H$6*0.9),1,0) | L7: 14 | M7: =IF(L7>=($L$6*0.7),1,0) | N7: =IF(L7>=($L$6*0.8),1,0) | O7: =IF(L7>=($L$6*0.9),1,0) | R7: 70
A8: ='Sessional + End Term Assessment'!A9 | B8: ='Sessional + End Term Assessment'!B9 | C8: ='Sessional + End Term Assessment'!C9 | D8: 24 | E8: =IF(D8>=($D$6*0.7),1,0) | F8: =IF(D8>=($D$6*0.8),1,0) | G8: =IF(D8>=($D$6*0.9),1,0) | H8: 24 | I8: =IF(H8>=($H$6*0.7),1,0) | J8: =IF(H8>=($H$6*0.7),1,0) | K8: =IF(H8>=($H$6*0.9),1,0) | L8: 12 | M8: =IF(L8>=($L$6*0.7),1,0) | N8: =IF(L8>=($L$6*0.8),1,0) | O8: =IF(L8>=($L$6*0.9),1,0) | R8: 60
A9: ='Sessional + End Term Assessment'!A10 | B9: ='Sessional + End Term Assessment'!B10 | C9: ='Sessional + End Term Assessment'!C10 | D9: 26 | E9: =IF(D9>=($D$6*0.7),1,0) | F9: =IF(D9>=($D$6*0.8),1,0) | G9: =IF(D9>=($D$6*0.9),1,0) | H9: 24 | I9: =IF(H9>=($H$6*0.7),1,0) | J9: =IF(H9>=($H$6*0.7),1,0) | K9: =IF(H9>=($H$6*0.9),1,0) | L9: 12 | M9: =IF(L9>=($L$6*0.7),1,0) | N9: =IF(L9>=($L$6*0.8),1,0) | O9: =IF(L9>=($L$6*0.9),1,0) | R9: 62
A10: ='Sessional + End Term Assessment'!A11 | B10: ='Sessional + End Term Assessment'!B11 | C10: ='Sessional + End Term Assessment'!C11 | D10: 26 | E10: =IF(D10>=($D$6*0.7),1,0) | F10: =IF(D10>=($D$6*0.8),1,0) | G10: =IF(D10>=($D$6*0.9),1,0) | H10: 28 | I10: =IF(H10>=($H$6*0.7),1,0) | J10: =IF(H10>=($H$6*0.7),1,0) | K10: =IF(H10>=($H$6*0.9),1,0) | L10: 14 | M10: =IF(L10>=($L$6*0.7),1,0) | N10: =IF(L10>=($L$6*0.8),1,0) | O10: =IF(L10>=($L$6*0.9),1,0) | R10: 68
A11: ='Sessional + End Term Assessment'!A12 | B11: ='Sessional + End Term Assessment'!B12 | C11: ='Sessional + End Term Assessment'!C12 | D11: 28 | E11: =IF(D11>=($D$6*0.7),1,0) | F11: =IF(D11>=($D$6*0.8),1,0) | G11: =IF(D11>=($D$6*0.9),1,0) | H11: 28 | I11: =IF(H11>=($H$6*0.7),1,0) | J11: =IF(H11>=($H$6*0.7),1,0) | K11: =IF(H11>=($H$6*0.9),1,0) | L11: 14 | M11: =IF(L11>=($L$6*0.7),1,0) | N11: =IF(L11>=($L$6*0.8),1,0) | O11: =IF(L11>=($L$6*0.9),1,0) | R11: 70
A12: ='Sessional + End Term Assessment'!A13 | B12: ='Sessional + End Term Assessment'!B13 | C12: ='Sessional + End Term Assessment'!C13 | D12: 28 | E12: =IF(D12>=($D$6*0.7),1,0) | F12: =IF(D12>=($D$6*0.8),1,0) | G12: =IF(D12>=($D$6*0.9),1,0) | H12: 26 | I12: =IF(H12>=($H$6*0.7),1,0) | J12: =IF(H12>=($H$6*0.7),1,0) | K12: =IF(H12>=($H$6*0.9),1,0) | L12: 14 | M12: =IF(L12>=($L$6*0.7),1,0) | N12: =IF(L12>=($L$6*0.8),1,0) | O12: =IF(L12>=($L$6*0.9),1,0) | R12: 68
A13: ='Sessional + End Term Assessment'!A14 | B13: ='Sessional + End Term Assessment'!B14 | C13: ='Sessional + End Term Assessment'!C14 | D13: 27 | E13: =IF(D13>=($D$6*0.7),1,0) | F13: =IF(D13>=($D$6*0.8),1,0) | G13: =IF(D13>=($D$6*0.9),1,0) | H13: 29 | I13: =IF(H13>=($H$6*0.7),1,0) | J13: =IF(H13>=($H$6*0.7),1,0) | K13: =IF(H13>=($H$6*0.9),1,0) | L13: 14 | M13: =IF(L13>=($L$6*0.7),1,0) | N13: =IF(L13>=($L$6*0.8),1,0) | O13: =IF(L13>=($L$6*0.9),1,0) | R13: 70
A14: ='Sessional + End Term Assessment'!A15 | B14: ='Sessional + End Term Assessment'!B15 | C14: ='Sessional + End Term Assessment'!C15 | D14: 28 | E14: =IF(D14>=($D$6*0.7),1,0) | F14: =IF(D14>=($D$6*0.8),1,0) | G14: =IF(D14>=($D$6*0.9),1,0) | H14: 27 | I14: =IF(H14>=($H$6*0.7),1,0) | J14: =IF(H14>=($H$6*0.7),1,0) | K14: =IF(H14>=($H$6*0.9),1,0) | L14: 14 | M14: =IF(L14>=($L$6*0.7),1,0) | N14: =IF(L14>=($L$6*0.8),1,0) | O14: =IF(L14>=($L$6*0.9),1,0) | R14: 69
A15: ='Sessional + End Term Assessment'!A16 | B15: ='Sessional + End Term Assessment'!B16 | C15: ='Sessional + End Term Assessment'!C16 | D15: 28 | E15: =IF(D15>=($D$6*0.7),1,0) | F15: =IF(D15>=($D$6*0.8),1,0) | G15: =IF(D15>=($D$6*0.9),1,0) | H15: 27 | I15: =IF(H15>=($H$6*0.7),1,0) | J15: =IF(H15>=($H$6*0.7),1,0) | K15: =IF(H15>=($H$6*0.9),1,0) | L15: 14 | M15: =IF(L15>=($L$6*0.7),1,0) | N15: =IF(L15>=($L$6*0.8),1,0) | O15: =IF(L15>=($L$6*0.9),1,0) | R15: 69
A16: ='Sessional + End Term Assessment'!A17 | B16: ='Sessional + End Term Assessment'!B17 | C16: ='Sessional + End Term Assessment'!C17 | D16: 26 | E16: =IF(D16>=($D$6*0.7),1,0) | F16: =IF(D16>=($D$6*0.8),1,0) | G16: =IF(D16>=($D$6*0.9),1,0) | H16: 28 | I16: =IF(H16>=($H$6*0.7),1,0) | J16: =IF(H16>=($H$6*0.7),1,0) | K16: =IF(H16>=($H$6*0.9),1,0) | L16: 14 | M16: =IF(L16>=($L$6*0.7),1,0) | N16: =IF(L16>=($L$6*0.8),1,0) | O16: =IF(L16>=($L$6*0.9),1,0) | R16: 68
A17: ='Sessional + End Term Assessment'!A18 | B17: ='Sessional + End Term Assessment'!B18 | C17: ='Sessional + End Term Assessment'!C18 | D17: 28 | E17: =IF(D17>=($D$6*0.7),1,0) | F17: =IF(D17>=($D$6*0.8),1,0) | G17: =IF(D17>=($D$6*0.9),1,0) | H17: 28 | I17: =IF(H17>=($H$6*0.7),1,0) | J17: =IF(H17>=($H$6*0.7),1,0) | K17: =IF(H17>=($H$6*0.9),1,0) | L17: 14 | M17: =IF(L17>=($L$6*0.7),1,0) | N17: =IF(L17>=($L$6*0.8),1,0) | O17: =IF(L17>=($L$6*0.9),1,0) | R17: 70
A18: ='Sessional + End Term Assessment'!A19 | B18: ='Sessional + End Term Assessment'!B19 | C18: ='Sessional + End Term Assessment'!C19 | D18: 28 | E18: =IF(D18>=($D$6*0.7),1,0) | F18: =IF(D18>=($D$6*0.8),1,0) | G18: =IF(D18>=($D$6*0.9),1,0) | H18: 26 | I18: =IF(H18>=($H$6*0.7),1,0) | J18: =IF(H18>=($H$6*0.7),1,0) | K18: =IF(H18>=($H$6*0.9),1,0) | L18: 14 | M18: =IF(L18>=($L$6*0.7),1,0) | N18: =IF(L18>=($L$6*0.8),1,0) | O18: =IF(L18>=($L$6*0.9),1,0) | R18: 68
... A185: ='Sessional + End Term Assessment'!A186 | B185: ='Sessional + End Term Assessment'!B186 | C185: ='Sessional + End Term Assessment'!C186 | D185: 20 | E185: =IF(D185>=($D$6*0.7),1,0) | F185: =IF(D185>=($D$6*0.8),1,0) | G185: =IF(D185>=($D$6*0.9),1,0) | H185: 19 | I185: =IF(H185>=($H$6*0.7),1,0) | J185: =IF(H185>=($H$6*0.7),1,0) | K185: =IF(H185>=($H$6*0.9),1,0) | L185: 10 | M185: =IF(L185>=($L$6*0.7),1,0) | N185: =IF(L185>=($L$6*0.8),1,0) | O185: =IF(L185>=($L$6*0.9),1,0) | R185: 49
A186: ='Sessional + End Term Assessment'!A187 | B186: ='Sessional + End Term Assessment'!B187 | C186: ='Sessional + End Term Assessment'!C187 | E186: =IF(D186>=($D$6*0.7),1,0) | F186: =IF(D186>=($D$6*0.8),1,0) | G186: =IF(D186>=($D$6*0.9),1,0) | I186: =IF(H186>=($H$6*0.7),1,0) | J186: =IF(H186>=($H$6*0.7),1,0) | K186: =IF(H186>=($H$6*0.9),1,0) | M186: =IF(L186>=($L$6*0.7),1,0) | N186: =IF(L186>=($L$6*0.8),1,0) | O186: =IF(L186>=($L$6*0.9),1,0)
A187: ='Sessional + End Term Assessment'!A188 | B187: ='Sessional + End Term Assessment'!B188 | C187: ='Sessional + End Term Assessment'!C188 | E187: =IF(D187>=($D$6*0.7),1,0) | F187: =IF(D187>=($D$6*0.8),1,0) | G187: =IF(D187>=($D$6*0.9),1,0) | I187: =IF(H187>=($H$6*0.7),1,0) | J187: =IF(H187>=($H$6*0.7),1,0) | K187: =IF(H187>=($H$6*0.9),1,0) | M187: =IF(L187>=($L$6*0.7),1,0) | N187: =IF(L187>=($L$6*0.8),1,0) | O187: =IF(L187>=($L$6*0.9),1,0)
A188: ='Sessional + End Term Assessment'!A189 | B188: ='Sessional + End Term Assessment'!B189 | C188: ='Sessional + End Term Assessment'!C189 | E188: =IF(D188>=($D$6*0.7),1,0) | F188: =IF(D188>=($D$6*0.8),1,0) | G188: =IF(D188>=($D$6*0.9),1,0) | I188: =IF(H188>=($H$6*0.7),1,0) | J188: =IF(H188>=($H$6*0.7),1,0) | K188: =IF(H188>=($H$6*0.9),1,0) | M188: =IF(L188>=($L$6*0.7),1,0) | N188: =IF(L188>=($L$6*0.8),1,0) | O188: =IF(L188>=($L$6*0.9),1,0)
A189: ='Sessional + End Term Assessment'!A190 | B189: ='Sessional + End Term Assessment'!B190 | C189: ='Sessional + End Term Assessment'!C190 | E189: =IF(D189>=($D$6*0.7),1,0) | F189: =IF(D189>=($D$6*0.8),1,0) | G189: =IF(D189>=($D$6*0.9),1,0) | I189: =IF(H189>=($H$6*0.7),1,0) | J189: =IF(H189>=($H$6*0.7),1,0) | K189: =IF(H189>=($H$6*0.9),1,0) | M189: =IF(L189>=($L$6*0.7),1,0) | N189: =IF(L189>=($L$6*0.8),1,0) | O189: =IF(L189>=($L$6*0.9),1,0)
A190: ='Sessional + End Term Assessment'!A191 | B190: ='Sessional + End Term Assessment'!B191 | C190: ='Sessional + End Term Assessment'!C191 | E190: =IF(D190>=($D$6*0.7),1,0) | F190: =IF(D190>=($D$6*0.8),1,0) | G190: =IF(D190>=($D$6*0.9),1,0) | I190: =IF(H190>=($H$6*0.7),1,0) | J190: =IF(H190>=($H$6*0.7),1,0) | K190: =IF(H190>=($H$6*0.9),1,0) | M190: =IF(L190>=($L$6*0.7),1,0) | N190: =IF(L190>=($L$6*0.8),1,0) | O190: =IF(L190>=($L$6*0.9),1,0)
A191: ='Sessional + End Term Assessment'!A192 | B191: ='Sessional + End Term Assessment'!B192 | C191: ='Sessional + End Term Assessment'!C192 | E191: =IF(D191>=($D$6*0.7),1,0) | F191: =IF(D191>=($D$6*0.8),1,0) | G191: =IF(D191>=($D$6*0.9),1,0) | I191: =IF(H191>=($H$6*0.7),1,0) | J191: =IF(H191>=($H$6*0.7),1,0) | K191: =IF(H191>=($H$6*0.9),1,0) | M191: =IF(L191>=($L$6*0.7),1,0) | N191: =IF(L191>=($L$6*0.8),1,0) | O191: =IF(L191>=($L$6*0.9),1,0)
A192: ='Sessional + End Term Assessment'!A193 | B192: ='Sessional + End Term Assessment'!B193 | C192: ='Sessional + End Term Assessment'!C193 | E192: =IF(D192>=($D$6*0.7),1,0) | F192: =IF(D192>=($D$6*0.8),1,0) | G192: =IF(D192>=($D$6*0.9),1,0) | I192: =IF(H192>=($H$6*0.7),1,0) | J192: =IF(H192>=($H$6*0.7),1,0) | K192: =IF(H192>=($H$6*0.9),1,0) | M192: =IF(L192>=($L$6*0.7),1,0) | N192: =IF(L192>=($L$6*0.8),1,0) | O192: =IF(L192>=($L$6*0.9),1,0)
A193: ='Sessional + End Term Assessment'!A194 | B193: ='Sessional + End Term Assessment'!B194 | C193: ='Sessional + End Term Assessment'!C194 | E193: =IF(D193>=($D$6*0.7),1,0) | F193: =IF(D193>=($D$6*0.8),1,0) | G193: =IF(D193>=($D$6*0.9),1,0) | I193: =IF(H193>=($H$6*0.7),1,0) | J193: =IF(H193>=($H$6*0.7),1,0) | K193: =IF(H193>=($H$6*0.9),1,0) | M193: =IF(L193>=($L$6*0.7),1,0) | N193: =IF(L193>=($L$6*0.8),1,0) | O193: =IF(L193>=($L$6*0.9),1,0)
A194: ='Sessional + End Term Assessment'!A195 | B194: ='Sessional + End Term Assessment'!B195 | C194: ='Sessional + End Term Assessment'!C195 | E194: =IF(D194>=($D$6*0.7),1,0) | F194: =IF(D194>=($D$6*0.8),1,0) | G194: =IF(D194>=($D$6*0.9),1,0) | I194: =IF(H194>=($H$6*0.7),1,0) | J194: =IF(H194>=($H$6*0.7),1,0) | K194: =IF(H194>=($H$6*0.9),1,0) | M194: =IF(L194>=($L$6*0.7),1,0) | N194: =IF(L194>=($L$6*0.8),1,0) | O194: =IF(L194>=($L$6*0.9),1,0)
A195: ='Sessional + End Term Assessment'!A196 | B195: ='Sessional + End Term Assessment'!B196 | C195: ='Sessional + End Term Assessment'!C196 | E195: =IF(D195>=($D$6*0.7),1,0) | F195: =IF(D195>=($D$6*0.8),1,0) | G195: =IF(D195>=($D$6*0.9),1,0) | I195: =IF(H195>=($H$6*0.7),1,0) | J195: =IF(H195>=($H$6*0.7),1,0) | K195: =IF(H195>=($H$6*0.9),1,0) | M195: =IF(L195>=($L$6*0.7),1,0) | N195: =IF(L195>=($L$6*0.8),1,0) | O195: =IF(L195>=($L$6*0.9),1,0)
A196: ='Sessional + End Term Assessment'!A197 | B196: ='Sessional + End Term Assessment'!B197 | C196: ='Sessional + End Term Assessment'!C197 | E196: =IF(D196>=($D$6*0.7),1,0) | F196: =IF(D196>=($D$6*0.8),1,0) | G196: =IF(D196>=($D$6*0.9),1,0) | I196: =IF(H196>=($H$6*0.7),1,0) | J196: =IF(H196>=($H$6*0.7),1,0) | K196: =IF(H196>=($H$6*0.9),1,0) | M196: =IF(L196>=($L$6*0.7),1,0) | N196: =IF(L196>=($L$6*0.8),1,0) | O196: =IF(L196>=($L$6*0.9),1,0)
A197: ='Sessional + End Term Assessment'!A198 | B197: ='Sessional + End Term Assessment'!B198 | C197: ='Sessional + End Term Assessment'!C198 | E197: =IF(D197>=($D$6*0.7),1,0) | F197: =IF(D197>=($D$6*0.8),1,0) | G197: =IF(D197>=($D$6*0.9),1,0) | I197: =IF(H197>=($H$6*0.7),1,0) | J197: =IF(H197>=($H$6*0.7),1,0) | K197: =IF(H197>=($H$6*0.9),1,0) | M197: =IF(L197>=($L$6*0.7),1,0) | N197: =IF(L197>=($L$6*0.8),1,0) | O197: =IF(L197>=($L$6*0.9),1,0)
... A218: ='Sessional + End Term Assessment'!A219 | B218: ='Sessional + End Term Assessment'!B219 | C218: ='Sessional + End Term Assessment'!C219 | E218: =IF(D218>=($D$6*0.7),1,0) | F218: =IF(D218>=($D$6*0.8),1,0) | G218: =IF(D218>=($D$6*0.9),1,0) | I218: =IF(H218>=($H$6*0.7),1,0) | J218: =IF(H218>=($H$6*0.7),1,0) | K218: =IF(H218>=($H$6*0.9),1,0) | M218: =IF(L218>=($L$6*0.7),1,0) | N218: =IF(L218>=($L$6*0.8),1,0) | O218: =IF(L218>=($L$6*0.9),1,0)

Sheet REMIDAL 1
A1: Marks and Gap Analysis of Mid-Term 1
A2: Sr. No | B2: RTU Roll Number | C2: Name of the Student | D2: M-1 Marks (70) | E2: Remark ( Remedial Class need or not – Y/N )
A3: ='Sessional + End Term Assessment'!A8 | B3: ='Sessional + End Term Assessment'!B8 | C3: ='Sessional + End Term Assessment'!C8 | D3: =' MID Term 1'!R7 | E3: =IF(D3<=30,"Y","N")
A4: ='Sessional + End Term Assessment'!A9 | B4: ='Sessional + End Term Assessment'!B9 | C4: ='Sessional + End Term Assessment'!C9 | D4: =' MID Term 1'!R8 | E4: =IF(D4<=30,"Y","N")
A5: ='Sessional + End Term Assessment'!A10 | B5: ='Sessional + End Term Assessment'!B10 | C5: ='Sessional + End Term Assessment'!C10 | D5: =' MID Term 1'!R9 | E5: =IF(D5<=30,"Y","N")
A6: ='Sessional + End Term Assessment'!A11 | B6: ='Sessional + End Term Assessment'!B11 | C6: ='Sessional + End Term Assessment'!C11 | D6: =' MID Term 1'!R10 | E6: =IF(D6<=30,"Y","N")
A7: ='Sessional + End Term Assessment'!A12 | B7: ='Sessional + End Term Assessment'!B12 | C7: ='Sessional + End Term Assessment'!C12 | D7: =' MID Term 1'!R11 | E7: =IF(D7<=30,"Y","N")
A8: ='Sessional + End Term Assessment'!A13 | B8: ='Sessional + End Term Assessment'!B13 | C8: ='Sessional + End Term Assessment'!C13 | D8: =' MID Term 1'!R12 | E8: =IF(D8<=30,"Y","N")
A9: ='Sessional + End Term Assessment'!A14 | B9: ='Sessional + End Term Assessment'!B14 | C9: ='Sessional + End Term Assessment'!C14 | D9: =' MID Term 1'!R13 | E9: =IF(D9<=30,"Y","N")
A10: ='Sessional + End Term Assessment'!A15 | B10: ='Sessional + End Term Assessment'!B15 | C10: ='Sessional + End Term Assessment'!C15 | D10: =' MID Term 1'!R14 | E10: =IF(D10<=30,"Y","N")
A11: ='Sessional + End Term Assessment'!A16 | B11: ='Sessional + End Term Assessment'!B16 | C11: ='Sessional + End Term Assessment'!C16 | D11: =' MID Term 1'!R15 | E11: =IF(D11<=30,"Y","N")
A12: ='Sessional + End Term Assessment'!A17 | B12: ='Sessional + End Term Assessment'!B17 | C12: ='Sessional + End Term Assessment'!C17 | D12: =' MID Term 1'!R16 | E12: =IF(D12<=30,"Y","N")
A13: ='Sessional + End Term Assessment'!A18 | B13: ='Sessional + End Term Assessment'!B18 | C13: ='Sessional + End Term Assessment'!C18 | D13: =' MID Term 1'!R17 | E13: =IF(D13<=30,"Y","N")
A14: ='Sessional + End Term Assessment'!A19 | B14: ='Sessional + End Term Assessment'!B19 | C14: ='Sessional + End Term Assessment'!C19 | D14: =' MID Term 1'!R18 | E14: =IF(D14<=30,"Y","N")
... A214: ='Sessional + End Term Assessment'!A219 | B214: ='Sessional + End Term Assessment'!B219 | C214: ='Sessional + End Term Assessment'!C219 | D214: =' MID Term 1'!R218 | E214: =IF(D214<=30,"Y","N")

Sheet MID Term 2
A1: ='CO-PO Mapping'!A1:P1
A2: MID TERM II EXAM MARK RECORD
A3: ='CO-PO Mapping'!A3:P3
A4: S.NO. | B4: RTU ROLL NUMBER | C4: NAME OF STUDENT | R4: MT2
C5: CO MAPPED | D5: CO1 | E5: CO2 | F5: CO3 | G5: Target 50% students attain 70% marks (1) | H5: Target 50% students attain 80% marks (2) | I5: Target 50% students attain 90% marks (3) | J5: CO4 | K5: Target 50% students attain 70% marks (1) | L5: Target 50% students attain 80% marks (2) | M5: Target 50% students attain 90% marks (3) | N5: CO5 | O5: Target 50% students attain 70% marks (1) | P5: Target 50% students attain 80% marks (2) | Q5: Target 50% students attain 90% marks (3)
C6: MAX MARKS | F6: 14 | J6: 28 | N6: 28 | R6: =SUM(F6:N6)
A7: ='Sessional + End Term Assessment'!A8 | B7: ='Sessional + End Term Assessment'!B8 | C7: ='Sessional + End Term Assessment'!C8 | F7: 14 | G7: =IF(F7>=($F$6*0.5),1,0) | H7: =IF(F7>=($F$6*0.6),1,0) | I7: =IF(F7>=($F$6*0.7),1,0) | J7: 28 | K7: =IF(J7>=($J$6*0.7),1,0) | L7: =IF(J7>=($J$6*0.8),1,0) | M7: =IF(J7>=($J$6*0.9),1,0) | N7: 28 | O7: =IF(N7>=($N$6*0.7),1,0) | P7: =IF(N7>=($N$6*0.8),1,0) | Q7: =IF(N7>=($N$6*0.9),1,0) | R7: 70
A8: ='Sessional + End Term Assessment'!A9 | B8: ='Sessional + End Term Assessment'!B9 | C8: ='Sessional + End Term Assessment'!C9 | F8: 12 | G8: =IF(F8>=($F$6*0.5),1,0) | H8: =IF(F8>=($F$6*0.6),1,0) | I8: =IF(F8>=($F$6*0.7),1,0) | J8: 26 | K8: =IF(J8>=($J$6*0.7),1,0) | L8: =IF(J8>=($J$6*0.8),1,0) | M8: =IF(J8>=($J$6*0.9),1,0) | N8: 24 | O8: =IF(N8>=($N$6*0.7),1,0) | P8: =IF(N8>=($N$6*0.8),1,0) | Q8: =IF(N8>=($N$6*0.9),1,0) | R8: 62
A9: ='Sessional + End Term Assessment'!A10 | B9: ='Sessional + End Term Assessment'!B10 | C9: ='Sessional + End Term Assessment'!C10 | F9: 12 | G9: =IF(F9>=($F$6*0.5),1,0) | H9: =IF(F9>=($F$6*0.6),1,0) | I9: =IF(F9>=($F$6*0.7),1,0) | J9: 23 | K9: =IF(J9>=($J$6*0.7),1,0) | L9: =IF(J9>=($J$6*0.8),1,0) | M9: =IF(J9>=($J$6*0.9),1,0) | N9: 25 | O9: =IF(N9>=($N$6*0.7),1,0) | P9: =IF(N9>=($N$6*0.8),1,0) | Q9: =IF(N9>=($N$6*0.9),1,0) | R9: 60
A10: ='Sessional + End Term Assessment'!A11 | B10: ='Sessional + End Term Assessment'!B11 | C10: ='Sessional + End Term Assessment'!C11 | F10: 14 | G10: =IF(F10>=($F$6*0.5),1,0) | H10: =IF(F10>=($F$6*0.6),1,0) | I10: =IF(F10>=($F$6*0.7),1,0) | J10: 28 | K10: =IF(J10>=($J$6*0.7),1,0) | L10: =IF(J10>=($J$6*0.8),1,0) | M10: =IF(J10>=($J$6*0.9),1,0) | N10: 30 | O10: =IF(N10>=($N$6*0.7),1,0) | P10: =IF(N10>=($N$6*0.8),1,0) | Q10: =IF(N10>=($N$6*0.9),1,0) | R10: 72
A11: ='Sessional + End Term Assessment'!A12 | B11: ='Sessional + End Term Assessment'!B12 | C11: ='Sessional + End Term Assessment'!C12 | F11: 13 | G11: =IF(F11>=($F$6*0.5),1,0) | H11: =IF(F11>=($F$6*0.6),1,0) | I11: =IF(F11>=($F$6*0.7),1,0) | J11: 27 | K11: =IF(J11>=($J$6*0.7),1,0) | L11: =IF(J11>=($J$6*0.8),1,0) | M11: =IF(J11>=($J$6*0.9),1,0) | N11: 26 | O11: =IF(N11>=($N$6*0.7),1,0) | P11: =IF(N11>=($N$6*0.8),1,0) | Q11: =IF(N11>=($N$6*0.9),1,0) | R11: 66
A12: ='Sessional + End Term Assessment'!A13 | B12: ='Sessional + End Term Assessment'!B13 | C12: ='Sessional + End Term Assessment'!C13 | F12: 14 | G12: =IF(F12>=($F$6*0.5),1,0) | H12: =IF(F12>=($F$6*0.6),1,0) | I12: =IF(F12>=($F$6*0.7),1,0) | J12: 26 | K12: =IF(J12>=($J$6*0.7),1,0) | L12: =IF(J12>=($J$6*0.8),1,0) | M12: =IF(J12>=($J$6*0.9),1,0) | N12: 28 | O12: =IF(N12>=($N$6*0.7),1,0) | P12: =IF(N12>=($N$6*0.8),1,0) | Q12: =IF(N12>=($N$6*0.9),1,0) | R12: 68
A13: ='Sessional + End Term Assessment'!A14 | B13: ='Sessional + End Term Assessment'!B14 | C13: ='Sessional + End Term Assessment'!C14 | F13: 14 | G13: =IF(F13>=($F$6*0.5),1,0) | H13: =IF(F13>=($F$6*0.6),1,0) | I13: =IF(F13>=($F$6*0.7),1,0) | J13: 28 | K13: =IF(J13>=($J$6*0.7),1,0) | L13: =IF(J13>=($J$6*0.8),1,0) | M13: =IF(J13>=($J$6*0.9),1,0) | N13: 28 | O13: =IF(N13>=($N$6*0.7),1,0) | P13: =IF(N13>=($N$6*0.8),1,0) | Q13: =IF(N13>=($N$6*0.9),1,0) | R13: 70
A14: ='Sessional + End Term Assessment'!A15 | B14: ='Sessional + End Term Assessment'!B15 | C14: ='Sessional + End Term Assessment'!C15 | F14: 14 | G14: =IF(F14>=($F$6*0.5),1,0) | H14: =IF(F14>=($F$6*0.6),1,0) | I14: =IF(F14>=($F$6*0.7),1,0) | J14: 28 | K14: =IF(J14>=($J$6*0.7),1,0) | L14: =IF(J14>=($J$6*0.8),1,0) | M14: =IF(J14>=($J$6*0.9),1,0) | N14: 29 | O14: =IF(N14>=($N$6*0.7),1,0) | P14: =IF(N14>=($N$6*0.8),1,0) | Q14: =IF(N14>=($N$6*0.9),1,0) | R14: 71
A15: ='Sessional + End Term Assessment'!A16 | B15: ='Sessional + End Term Assessment'!B16 | C15: ='Sessional + End Term Assessment'!C16 | F15: 13 | G15: =IF(F15>=($F$6*0.5),1,0) | H15: =IF(F15>=($F$6*0.6),1,0) | I15: =IF(F15>=($F$6*0.7),1,0) | J15: 26 | K15: =IF(J15>=($J$6*0.7),1,0) | L15: =IF(J15>=($J$6*0.8),1,0) | M15: =IF(J15>=($J$6*0.9),1,0) | N15: 28 | O15: =IF(N15>=($N$6*0.7),1,0) | P15: =IF(N15>=($N$6*0.8),1,0) | Q15: =IF(N15>=($N$6*0.9),1,0) | R15: 67
A16: ='Sessional + End Term Assessment'!A17 | B16: ='Sessional + End Term Assessment'!B17 | C16: ='Sessional + End Term Assessment'!C17 | F16: 14 | G16: =IF(F16>=($F$6*0.5),1,0) | H16: =IF(F16>=($F$6*0.6),1,0) | I16: =IF(F16>=($F$6*0.7),1,0) | J16: 28 | K16: =IF(J16>=($J$6*0.7),1,0) | L16: =IF(J16>=($J$6*0.8),1,0) | M16: =IF(J16>=($J$6*0.9),1,0) | N16: 30 | O16: =IF(N16>=($N$6*0.7),1,0) | P16: =IF(N16>=($N$6*0.8),1,0) | Q16: =IF(N16>=($N$6*0.9),1,0) | R16: 72
A17: ='Sessional + End Term Assessment'!A18 | B17: ='Sessional + End Term Assessment'!B18 | C17: ='Sessional + End Term Assessment'!C18 | F17: 13 | G17: =IF(F17>=($F$6*0.5),1,0) | H17: =IF(F17>=($F$6*0.6),1,0) | I17: =IF(F17>=($F$6*0.7),1,0) | J17: 27 | K17: =IF(J17>=($J$6*0.7),1,0) | L17: =IF(J17>=($J$6*0.8),1,0) | M17: =IF(J17>=($J$6*0.9),1,0) | N17: 26 | O17: =IF(N17>=($N$6*0.7),1,0) | P17: =IF(N17>=($N$6*0.8),1,0) | Q17: =IF(N17>=($N$6*0.9),1,0) | R17: 66
A18: ='Sessional + End Term Assessment'!A19 | B18: ='Sessional + End Term Assessment'!B19 | C18: ='Sessional + End Term Assessment'!C19 | F18: 14 | G18: =IF(F18>=($F$6*0.5),1,0) | H18: =IF(F18>=($F$6*0.6),1,0) | I18: =IF(F18>=($F$6*0.7),1,0) | J18: 26 | K18: =IF(J18>=($J$6*0.7),1,0) | L18: =IF(J18>=($J$6*0.8),1,0) | M18: =IF(J18>=($J$6*0.9),1,0) | N18: 28 | O18: =IF(N18>=($N$6*0.7),1,0) | P18: =IF(N18>=($N$6*0.8),1,0) | Q18: =IF(N18>=($N$6*0.9),1,0) | R18: 68
... A185: ='Sessional + End Term Assessment'!A186 | B185: ='Sessional + End Term Assessment'!B186 | C185: ='Sessional + End Term Assessment'!C186 | F185: 10 | G185: =IF(F185>=($F$6*0.5),1,0) | H185: =IF(F185>=($F$6*0.6),1,0) | I185: =IF(F185>=($F$6*0.7),1,0) | J185: 19 | K185: =IF(J185>=($J$6*0.7),1,0) | L185: =IF(J185>=($J$6*0.8),1,0) | M185: =IF(J185>=($J$6*0.9),1,0) | N185: 16 | O185: =IF(N185>=($N$6*0.7),1,0) | P185: =IF(N185>=($N$6*0.8),1,0) | Q185: =IF(N185>=($N$6*0.9),1,0) | R185: 45
A186: ='Sessional + End Term Assessment'!A187 | B186: ='Sessional + End Term Assessment'!B187 | C186: ='Sessional + End Term Assessment'!C187 | G186: =IF(F186>=($F$6*0.5),1,0) | H186: =IF(F186>=($F$6*0.6),1,0) | I186: =IF(F186>=($F$6*0.7),1,0) | K186: =IF(J186>=($J$6*0.7),1,0) | L186: =IF(J186>=($J$6*0.8),1,0) | M186: =IF(J186>=($J$6*0.9),1,0) | O186: =IF(N186>=($N$6*0.7),1,0) | P186: =IF(N186>=($N$6*0.8),1,0) | Q186: =IF(N186>=($N$6*0.9),1,0)
A187: ='Sessional + End Term Assessment'!A188 | B187: ='Sessional + End Term Assessment'!B188 | C187: ='Sessional + End Term Assessment'!C188 | G187: =IF(F187>=($F$6*0.5),1,0) | H187: =IF(F187>=($F$6*0.6),1,0) | I187: =IF(F187>=($F$6*0.7),1,0) | K187: =IF(J187>=($J$6*0.7),1,0) | L187: =IF(J187>=($J$6*0.8),1,0) | M187: =IF(J187>=($J$6*0.9),1,0) | O187: =IF(N187>=($N$6*0.7),1,0) | P187: =IF(N187>=($N$6*0.8),1,0) | Q187: =IF(N187>=($N$6*0.9),1,0)
A188: ='Sessional + End Term Assessment'!A189 | B188: ='Sessional + End Term Assessment'!B189 | C188: ='Sessional + End Term Assessment'!C189 | G188: =IF(F188>=($F$6*0.5),1,0) | H188: =IF(F188>=($F$6*0.6),1,0) | I188: =IF(F188>=($F$6*0.7),1,0) | K188: =IF(J188>=($J$6*0.7),1,0) | L188: =IF(J188>=($J$6*0.8),1,0) | M188: =IF(J188>=($J$6*0.9),1,0) | O188: =IF(N188>=($N$6*0.7),1,0) | P188: =IF(N188>=($N$6*0.8),1,0) | Q188: =IF(N188>=($N$6*0.9),1,0)
A189: ='Sessional + End Term Assessment'!A190 | B189: ='Sessional + End Term Assessment'!B190 | C189: ='Sessional + End Term Assessment'!C190 | G189: =IF(F189>=($F$6*0.5),1,0) | H189: =IF(F189>=($F$6*0.6),1,0) | I189: =IF(F189>=($F$6*0.7),1,0) | K189: =IF(J189>=($J$6*0.7),1,0) | L189: =IF(J189>=($J$6*0.8),1,0) | M189: =IF(J189>=($J$6*0.9),1,0) | O189: =IF(N189>=($N$6*0.7),1,0) | P189: =IF(N189>=($N$6*0.8),1,0) | Q189: =IF(N189>=($N$6*0.9),1,0)
A190: ='Sessional + End Term Assessment'!A191 | B190: ='Sessional + End Term Assessment'!B191 | C190: ='Sessional + End Term Assessment'!C191 | G190: =IF(F190>=($F$6*0.5),1,0) | H190: =IF(F190>=($F$6*0.6),1,0) | I190: =IF(F190>=($F$6*0.7),1,0) | K190: =IF(J190>=($J$6*0.7),1,0) | L190: =IF(J190>=($J$6*0.8),1,0) | M190: =IF(J190>=($J$6*0.9),1,0) | O190: =IF(N190>=($N$6*0.7),1,0) | P190: =IF(N190>=($N$6*0.8),1,0) | Q190: =IF(N190>=($N$6*0.9),1,0)
A191: ='Sessional + End Term Assessment'!A192 | B191: ='Sessional + End Term Assessment'!B192 | C191: ='Sessional + End Term Assessment'!C192 | G191: =IF(F191>=($F$6*0.5),1,0) | H191: =IF(F191>=($F$6*0.6),1,0) | I191: =IF(F191>=($F$6*0.7),1,0) | K191: =IF(J191>=($J$6*0.7),1,0) | L191: =IF(J191>=($J$6*0.8),1,0) | M191: =IF(J191>=($J$6*0.9),1,0) | O191: =IF(N191>=($N$6*0.7),1,0) | P191: =IF(N191>=($N$6*0.8),1,0) | Q191: =IF(N191>=($N$6*0.9),1,0)
A192: ='Sessional + End Term Assessment'!A193 | B192: ='Sessional + End Term Assessment'!B193 | C192: ='Sessional + End Term Assessment'!C193 | G192: =IF(F192>=($F$6*0.5),1,0) | H192: =IF(F192>=($F$6*0.6),1,0) | I192: =IF(F192>=($F$6*0.7),1,0) | K192: =IF(J192>=($J$6*0.7),1,0) | L192: =IF(J192>=($J$6*0.8),1,0) | M192: =IF(J192>=($J$6*0.9),1,0) | O192: =IF(N192>=($N$6*0.7),1,0) | P192: =IF(N192>=($N$6*0.8),1,0) | Q192: =IF(N192>=($N$6*0.9),1,0)
A193: ='Sessional + End Term Assessment'!A194 | B193: ='Sessional + End Term Assessment'!B194 | C193: ='Sessional + End Term Assessment'!C194 | G193: =IF(F193>=($F$6*0.5),1,0) | H193: =IF(F193>=($F$6*0.6),1,0) | I193: =IF(F193>=($F$6*0.7),1,0) | K193: =IF(J193>=($J$6*0.7),1,0) | L193: =IF(J193>=($J$6*0.8),1,0) | M193: =IF(J193>=($J$6*0.9),1,0) | O193: =IF(N193>=($N$6*0.7),1,0) | P193: =IF(N193>=($N$6*0.8),1,0) | Q193: =IF(N193>=($N$6*0.9),1,0)
A194: ='Sessional + End Term Assessment'!A195 | B194: ='Sessional + End Term Assessment'!B195 | C194: ='Sessional + End Term Assessment'!C195 | G194: =IF(F194>=($F$6*0.5),1,0) | H194: =IF(F194>=($F$6*0.6),1,0) | I194: =IF(F194>=($F$6*0.7),1,0) | K194: =IF(J194>=($J$6*0.7),1,0) | L194: =IF(J194>=($J$6*0.8),1,0) | M194: =IF(J194>=($J$6*0.9),1,0) | O194: =IF(N194>=($N$6*0.7),1,0) | P194: =IF(N194>=($N$6*0.8),1,0) | Q194: =IF(N194>=($N$6*0.9),1,0)
A195: ='Sessional + End Term Assessment'!A196 | B195: ='Sessional + End Term Assessment'!B196 | C195: ='Sessional + End Term Assessment'!C196 | G195: =IF(F195>=($F$6*0.5),1,0) | H195: =IF(F195>=($F$6*0.6),1,0) | I195: =IF(F195>=($F$6*0.7),1,0) | K195: =IF(J195>=($J$6*0.7),1,0) | L195: =IF(J195>=($J$6*0.8),1,0) | M195: =IF(J195>=($J$6*0.9),1,0) | O195: =IF(N195>=($N$6*0.7),1,0) | P195: =IF(N195>=($N$6*0.8),1,0) | Q195: =IF(N195>=($N$6*0.9),1,0)
A196: ='Sessional + End Term Assessment'!A197 | B196: ='Sessional + End Term Assessment'!B197 | C196: ='Sessional + End Term Assessment'!C197 | G196: =IF(F196>=($F$6*0.5),1,0) | H196: =IF(F196>=($F$6*0.6),1,0) | I196: =IF(F196>=($F$6*0.7),1,0) | K196: =IF(J196>=($J$6*0.7),1,0) | L196: =IF(J196>=($J$6*0.8),1,0) | M196: =IF(J196>=($J$6*0.9),1,0) | O196: =IF(N196>=($N$6*0.7),1,0) | P196: =IF(N196>=($N$6*0.8),1,0) | Q196: =IF(N196>=($N$6*0.9),1,0)
A197: ='Sessional + End Term Assessment'!A198 | B197: ='Sessional + End Term Assessment'!B198 | C197: ='Sessional + End Term Assessment'!C198 | G197: =IF(F197>=($F$6*0.5),1,0) | H197: =IF(F197>=($F$6*0.6),1,0) | I197: =IF(F197>=($F$6*0.7),1,0) | K197: =IF(J197>=($J$6*0.7),1,0) | L197: =IF(J197>=($J$6*0.8),1,0) | M197: =IF(J197>=($J$6*0.9),1,0) | O197: =IF(N197>=($N$6*0.7),1,0) | P197: =IF(N197>=($N$6*0.8),1,0) | Q197: =IF(N197>=($N$6*0.9),1,0)
... A218: ='Sessional + End Term Assessment'!A219 | B218: ='Sessional + End Term Assessment'!B219 | C218: ='Sessional + End Term Assessment'!C219 | G218: =IF(F218>=($F$6*0.5),1,0) | H218: =IF(F218>=($F$6*0.6),1,0) | I218: =IF(F218>=($F$6*0.7),1,0) | K218: =IF(J218>=($J$6*0.7),1,0) | L218: =IF(J218>=($J$6*0.8),1,0) | M218: =IF(J218>=($J$6*0.9),1,0) | O218: =IF(N218>=($N$6*0.7),1,0) | P218: =IF(N218>=($N$6*0.8),1,0) | Q218: =IF(N218>=($N$6*0.9),1,0)

Sheet REMIDAL 2
A1: Marks and Gap Analysis of Mid-Term 2
A2: Sr. No | B2: RTU Roll Number | C2: Name of the Student | D2: M-2 Marks (70) | E2: Remark ( Remedial Class need or not – Y/N )
A3: ='Sessional + End Term Assessment'!A8 | B3: ='Sessional + End Term Assessment'!B8 | C3: ='Sessional + End Term Assessment'!C8 | D3: ='MID Term 2'!R7 | E3: =IF(D3<=35,"Y","N")
A4: ='Sessional + End Term Assessment'!A9 | B4: ='Sessional + End Term Assessment'!B9 | C4: ='Sessional + End Term Assessment'!C9 | D4: ='MID Term 2'!R8 | E4: =IF(D4<=35,"Y","N")
A5: ='Sessional + End Term Assessment'!A10 | B5: ='Sessional + End Term Assessment'!B10 | C5: ='Sessional + End Term Assessment'!C10 | D5: ='MID Term 2'!R9 | E5: =IF(D5<=35,"Y","N")
A6: ='Sessional + End Term Assessment'!A11 | B6: ='Sessional + End Term Assessment'!B11 | C6: ='Sessional + End Term Assessment'!C11 | D6: ='MID Term 2'!R10 | E6: =IF(D6<=35,"Y","N")
A7: ='Sessional + End Term Assessment'!A12 | B7: ='Sessional + End Term Assessment'!B12 | C7: ='Sessional + End Term Assessment'!C12 | D7: ='MID Term 2'!R11 | E7: =IF(D7<=35,"Y","N")
A8: ='Sessional + End Term Assessment'!A13 | B8: ='Sessional + End Term Assessment'!B13 | C8: ='Sessional + End Term Assessment'!C13 | D8: ='MID Term 2'!R12 | E8: =IF(D8<=35,"Y","N")
A9: ='Sessional + End Term Assessment'!A14 | B9: ='Sessional + End Term Assessment'!B14 | C9: ='Sessional + End Term Assessment'!C14 | D9: ='MID Term 2'!R13 | E9: =IF(D9<=35,"Y","N")
A10: ='Sessional + End Term Assessment'!A15 | B10: ='Sessional + End Term Assessment'!B15 | C10: ='Sessional + End Term Assessment'!C15 | D10: ='MID Term 2'!R14 | E10: =IF(D10<=35,"Y","N")
A11: ='Sessional + End Term Assessment'!A16 | B11: ='Sessional + End Term Assessment'!B16 | C11: ='Sessional + End Term Assessment'!C16 | D11: ='MID Term 2'!R15 | E11: =IF(D11<=35,"Y","N")
A12: ='Sessional + End Term Assessment'!A17 | B12: ='Sessional + End Term Assessment'!B17 | C12: ='Sessional + End Term Assessment'!C17 | D12: ='MID Term 2'!R16 | E12: =IF(D12<=35,"Y","N")
A13: ='Sessional + End Term Assessment'!A18 | B13: ='Sessional + End Term Assessment'!B18 | C13: ='Sessional + End Term Assessment'!C18 | D13: ='MID Term 2'!R17 | E13: =IF(D13<=35,"Y","N")
A14: ='Sessional + End Term Assessment'!A19 | B14: ='Sessional + End Term Assessment'!B19 | C14: ='Sessional + End Term Assessment'!C19 | D14: ='MID Term 2'!R18 | E14: =IF(D14<=35,"Y","N")
... A214: ='Sessional + End Term Assessment'!A219 | B214: ='Sessional + End Term Assessment'!B219 | C214: ='Sessional + End Term Assessment'!C219 | D214: ='MID Term 2'!R218 | E214: =IF(D214<=35,"Y","N")

Sheet Attainment Sheet Sessional
A1: ='CO-PO Mapping'!A1:P1
A2: Course Outcome Attainment Sheet (Sessional)
A3: ='CO-PO Mapping'!A3:P3
A4: ='CO-PO Mapping'!A4:P4
A5: S.NO. | B5: RTU ROLL NUMBER | C5: NAME OF STUDENT | D5: CO23CS201.1 | E5: CO23CS201.2 | F5: CO23CS201.3 | G5: CO23CS201.4 | H5: CO23CS201.5 | I5: Course Attainment with Target in % | N5: TOTAL | O5: TOTAL
C6: CO MAPPED | I6: CO23CS201.1 | J6: CO23CS201.2 | K6: CO23CS201.3 | L6: CO23CS201.4 | M6: CO23CS201.5
D7: TOTAL | E7: TOTAL | F7: TOTAL | G7: TOTAL | H7: TOTAL
C8: MAX MARKS | D8: =' MID Term 1'!D6+'MID Term 2'!D6 | E8: =' MID Term 1'!H6+'MID Term 2'!E6 | F8: =' MID Term 1'!L6+'MID Term 2'!F6 | G8: =' MID Term 1'!P6+'MID Term 2'!J6 | H8: =' MID Term 1'!Q6+'MID Term 2'!N6 | I8: 0.75 | J8: 0.75 | K8: 0.75 | L8: 0.75 | M8: 0.75 | N8: =SUM(D8:H8) | O8: =ROUND(N8/2,0)
A9: Set Target Level | D9: 0.75 | E9: 0.75 | F9: 0.75 | G9: 0.75 | H9: 0.75
A10: ='Sessional + End Term Assessment'!A8 | B10: ='Sessional + End Term Assessment'!B8 | C10: ='Sessional + End Term Assessment'!C8 | D10: =' MID Term 1'!D7+'MID Term 2'!D7 | E10: =' MID Term 1'!H7+'MID Term 2'!E7 | F10: =' MID Term 1'!L7+'MID Term 2'!F7 | G10: =' MID Term 1'!P7+'MID Term 2'!J7 | H10: =' MID Term 1'!Q7+'MID Term 2'!N7 | I10: =IF((D10/$D$8)>=$I$8,1,0) | J10: =IF((E10/$E$8)>=$J$8,1,0) | K10: =IF((F10/$F$8)>=$K$8,1,0) | L10: =IF((G10/$G$8)>=$L$8,1,0) | M10: =IF((H10/$H$8)>=$M$8,1,0) | N10: =SUM(D10:H10) | O10: =ROUND(N10/2,0)
A11: ='Sessional + End Term Assessment'!A9 | B11: ='Sessional + End Term Assessment'!B9 | C11: ='Sessional + End Term Assessment'!C9 | D11: =' MID Term 1'!D8+'MID Term 2'!D8 | E11: =' MID Term 1'!H8+'MID Term 2'!E8 | F11: =' MID Term 1'!L8+'MID Term 2'!F8 | G11: =' MID Term 1'!P8+'MID Term 2'!J8 | H11: =' MID Term 1'!Q8+'MID Term 2'!N8 | I11: =IF((D11/$D$8)>=$I$8,1,0) | J11: =IF((E11/$E$8)>=$J$8,1,0) | K11: =IF((F11/$F$8)>=$K$8,1,0) | L11: =IF((G11/$G$8)>=$L$8,1,0) | M11: =IF((H11/$H$8)>=$M$8,1,0) | N11: =SUM(D11:H11) | O11: =ROUND(N11/2,0)
A12: ='Sessional + End Term Assessment'!A10 | B12: ='Sessional + End Term Assessment'!B10 | C12: ='Sessional + End Term Assessment'!C10 | D12: =' MID Term 1'!D9+'MID Term 2'!D9 | E12: =' MID Term 1'!H9+'MID Term 2'!E9 | F12: =' MID Term 1'!L9+'MID Term 2'!F9 | G12: =' MID Term 1'!P9+'MID Term 2'!J9 | H12: =' MID Term 1'!Q9+'MID Term 2'!N9 | I12: =IF((D12/$D$8)>=$I$8,1,0) | J12: =IF((E12/$E$8)>=$J$8,1,0) | K12: =IF((F12/$F$8)>=$K$8,1,0) | L12: =IF((G12/$G$8)>=$L$8,1,0) | M12: =IF((H12/$H$8)>=$M$8,1,0) | N12: =SUM(D12:H12) | O12: =ROUND(N12/2,0)
A13: ='Sessional + End Term Assessment'!A11 | B13: ='Sessional + End Term Assessment'!B11 | C13: ='Sessional + End Term Assessment'!C11 | D13: =' MID Term 1'!D10+'MID Term 2'!D10 | E13: =' MID Term 1'!H10+'MID Term 2'!E10 | F13: =' MID Term 1'!L10+'MID Term 2'!F10 | G13: =' MID Term 1'!P10+'MID Term 2'!J10 | H13: =' MID Term 1'!Q10+'MID Term 2'!N10 | I13: =IF((D13/$D$8)>=$I$8,1,0) | J13: =IF((E13/$E$8)>=$J$8,1,0) | K13: =IF((F13/$F$8)>=$K$8,1,0) | L13: =IF((G13/$G$8)>=$L$8,1,0) | M13: =IF((H13/$H$8)>=$M$8,1,0) | N13: =SUM(D13:H13) | O13: =ROUND(N13/2,0)
A14: ='Sessional + End Term Assessment'!A12 | B14: ='Sessional + End Term Assessment'!B12 | C14: ='Sessional + End Term Assessment'!C12 | D14: =' MID Term 1'!D11+'MID Term 2'!D11 | E14: =' MID Term 1'!H11+'MID Term 2'!E11 | F14: =' MID Term 1'!L11+'MID Term 2'!F11 | G14: =' MID Term 1'!P11+'MID Term 2'!J11 | H14: =' MID Term 1'!Q11+'MID Term 2'!N11 | I14: =IF((D14/$D$8)>=$I$8,1,0) | J14: =IF((E14/$E$8)>=$J$8,1,0) | K14: =IF((F14/$F$8)>=$K$8,1,0) | L14: =IF((G14/$G$8)>=$L$8,1,0) | M14: =IF((H14/$H$8)>=$M$8,1,0) | N14: =SUM(D14:H14) | O14: =ROUND(N14/2,0)
A15: ='Sessional + End Term Assessment'!A13 | B15: ='Sessional + End Term Assessment'!B13 | C15: ='Sessional + End Term Assessment'!C13 | D15: =' MID Term 1'!D12+'MID Term 2'!D12 | E15: =' MID Term 1'!H12+'MID Term 2'!E12 | F15: =' MID Term 1'!L12+'MID Term 2'!F12 | G15: =' MID Term 1'!P12+'MID Term 2'!J12 | H15: =' MID Term 1'!Q12+'MID Term 2'!N12 | I15: =IF((D15/$D$8)>=$I$8,1,0) | J15: =IF((E15/$E$8)>=$J$8,1,0) | K15: =IF((F15/$F$8)>=$K$8,1,0) | L15: =IF((G15/$G$8)>=$L$8,1,0) | M15: =IF((H15/$H$8)>=$M$8,1,0) | N15: =SUM(D15:H15) | O15: =ROUND(N15/2,0)
A16: ='Sessional + End Term Assessment'!A14 | B16: ='Sessional + End Term Assessment'!B14 | C16: ='Sessional + End Term Assessment'!C14 | D16: =' MID Term 1'!D13+'MID Term 2'!D13 | E16: =' MID Term 1'!H13+'MID Term 2'!E13 | F16: =' MID Term 1'!L13+'MID Term 2'!F13 | G16: =' MID Term 1'!P13+'MID Term 2'!J13 | H16: =' MID Term 1'!Q13+'MID Term 2'!N13 | I16: =IF((D16/$D$8)>=$I$8,1,0) | J16: =IF((E16/$E$8)>=$J$8,1,0) | K16: =IF((F16/$F$8)>=$K$8,1,0) | L16: =IF((G16/$G$8)>=$L$8,1,0) | M16: =IF((H16/$H$8)>=$M$8,1,0) | N16: =SUM(D16:H16) | O16: =ROUND(N16/2,0)
A17: ='Sessional + End Term Assessment'!A15 | B17: ='Sessional + End Term Assessment'!B15 | C17: ='Sessional + End Term Assessment'!C15 | D17: =' MID Term 1'!D14+'MID Term 2'!D14 | E17: =' MID Term 1'!H14+'MID Term 2'!E14 | F17: =' MID Term 1'!L14+'MID Term 2'!F14 | G17: =' MID Term 1'!P14+'MID Term 2'!J14 | H17: =' MID Term 1'!Q14+'MID Term 2'!N14 | I17: =IF((D17/$D$8)>=$I$8,1,0) | J17: =IF((E17/$E$8)>=$J$8,1,0) | K17: =IF((F17/$F$8)>=$K$8,1,0) | L17: =IF((G17/$G$8)>=$L$8,1,0) | M17: =IF((H17/$H$8)>=$M$8,1,0) | N17: =SUM(D17:H17) | O17: =ROUND(N17/2,0)
A18: ='Sessional + End Term Assessment'!A16 | B18: ='Sessional + End Term Assessment'!B16 | C18: ='Sessional + End Term Assessment'!C16 | D18: =' MID Term 1'!D15+'MID Term 2'!D15 | E18: =' MID Term 1'!H15+'MID Term 2'!E15 | F18: =' MID Term 1'!L15+'MID Term 2'!F15 | G18: =' MID Term 1'!P15+'MID Term 2'!J15 | H18: =' MID Term 1'!Q15+'MID Term 2'!N15 | I18: =IF((D18/$D$8)>=$I$8,1,0) | J18: =IF((E18/$E$8)>=$J$8,1,0) | K18: =IF((F18/$F$8)>=$K$8,1,0) | L18: =IF((G18/$G$8)>=$L$8,1,0) | M18: =IF((H18/$H$8)>=$M$8,1,0) | N18: =SUM(D18:H18) | O18: =ROUND(N18/2,0)
A19: ='Sessional + End Term Assessment'!A17 | B19: ='Sessional + End Term Assessment'!B17 | C19: ='Sessional + End Term Assessment'!C17 | D19: =' MID Term 1'!D16+'MID Term 2'!D16 | E19: =' MID Term 1'!H16+'MID Term 2'!E16 | F19: =' MID Term 1'!L16+'MID Term 2'!F16 | G19: =' MID Term 1'!P16+'MID Term 2'!J16 | H19: =' MID Term 1'!Q16+'MID Term 2'!N16 | I19: =IF((D19/$D$8)>=$I$8,1,0) | J19: =IF((E19/$E$8)>=$J$8,1,0) | K19: =IF((F19/$F$8)>=$K$8,1,0) | L19: =IF((G19/$G$8)>=$L$8,1,0) | M19: =IF((H19/$H$8)>=$M$8,1,0) | N19: =SUM(D19:H19) | O19: =ROUND(N19/2,0)
A20: ='Sessional + End Term Assessment'!A18 | B20: ='Sessional + End Term Assessment'!B18 | C20: ='Sessional + End Term Assessment'!C18 | D20: =' MID Term 1'!D17+'MID Term 2'!D17 | E20: =' MID Term 1'!H17+'MID Term 2'!E17 | F20: =' MID Term 1'!L17+'MID Term 2'!F17 | G20: =' MID Term 1'!P17+'MID Term 2'!J17 | H20: =' MID Term 1'!Q17+'MID Term 2'!N17 | I20: =IF((D20/$D$8)>=$I$8,1,0) | J20: =IF((E20/$E$8)>=$J$8,1,0) | K20: =IF((F20/$F$8)>=$K$8,1,0) | L20: =IF((G20/$G$8)>=$L$8,1,0) | M20: =IF((H20/$H$8)>=$M$8,1,0) | N20: =SUM(D20:H20) | O20: =ROUND(N20/2,0)
A21: ='Sessional + End Term Assessment'!A19 | B21: ='Sessional + End Term Assessment'!B19 | C21: ='Sessional + End Term Assessment'!C19 | D21: =' MID Term 1'!D18+'MID Term 2'!D18 | E21: =' MID Term 1'!H18+'MID Term 2'!E18 | F21: =' MID Term 1'!L18+'MID Term 2'!F18 | G21: =' MID Term 1'!P18+'MID Term 2'!J18 | H21: =' MID Term 1'!Q18+'MID Term 2'!N18 | I21: =IF((D21/$D$8)>=$I$8,1,0) | J21: =IF((E21/$E$8)>=$J$8,1,0) | K21: =IF((F21/$F$8)>=$K$8,1,0) | L21: =IF((G21/$G$8)>=$L$8,1,0) | M21: =IF((H21/$H$8)>=$M$8,1,0) | N21: =SUM(D21:H21) | O21: =ROUND(N21/2,0)
... A221: ='Sessional + End Term Assessment'!A219 | B221: ='Sessional + End Term Assessment'!B219 | C221: ='Sessional + End Term Assessment'!C219 | D221: =' MID Term 1'!D218+'MID Term 2'!D218 | E221: =' MID Term 1'!H218+'MID Term 2'!E218 | F221: =' MID Term 1'!L218+'MID Term 2'!F218 | G221: =' MID Term 1'!P218+'MID Term 2'!J218 | H221: =' MID Term 1'!Q218+'MID Term 2'!N218 | I221: =IF((D221/$D$8)>=$I$8,1,0) | J221: =IF((E221/$E$8)>=$J$8,1,0) | K221: =IF((F221/$F$8)>=$K$8,1,0) | L221: =IF((G221/$G$8)>=$L$8,1,0) | M221: =IF((H221/$H$8)>=$M$8,1,0) | N221: =SUM(D221:H221) | O221: =ROUND(N221/2,0)
C222: Total No. of Students | D222: 212 | E222: 212 | F222: 212 | G222: 212 | H222: 212 | I222: =SUM(I10:I185) | J222: =SUM(J10:J185) | K222: =SUM(K10:K185) | L222: =SUM(L10:L185) | M222: =SUM(M10:M185)
A223: Rationale: -While setting up the question paper choice was gIIIen within the same CO with same complexity/difficulty level and no CO is missed out. -If the student obtains target set for CO in terms of %age, score of 1 is gIIIen and if not zero is gIIIen -Those students who were found poor in achieving Course outcome, remedial classes are subjected to be scheduled.
A227: CO Attainment Calculation | D227: % of students get >= Target % | E227: CO Attainment Level
A228: No. of Students Attained CO23CS201.1 | D228: =ROUND((I222/D222*100),0) | E228: =IF(D228>100,"ERROR",IF(D228>=61,3,IF(D228>=46,2,IF(D228>=16,1,IF(D228>15,0,0))))) | F228: =E228*0.2
A229: No. of Students Attained CO23CS201.2 | D229: =ROUND((J222/E222*100),0) | E229: =IF(D229>100,"ERROR",IF(D229>=61,3,IF(D229>=46,2,IF(D229>=16,1,IF(D229>15,0,0))))) | F229: =E229*0.2 | H229: CO Achieved | J229: =SUM(F228:F232)
A230: No. of Students Attained CO23CS201.3 | D230: =ROUND((K222/F222*100),0) | E230: =IF(D230>100,"ERROR",IF(D230>=61,3,IF(D230>=46,2,IF(D230>=16,1,IF(D230>15,0,0))))) | F230: =E230*0.2
A231: No. of Students Attained CO23CS201.4 | D231: =ROUND((L222/G222*100),0) | E231: =IF(D231>100,"ERROR",IF(D231>=61,3,IF(D231>=46,2,IF(D231>=16,1,IF(D231>15,0,0))))) | F231: =E231*0.2
A232: No. of Students Attained CO23CS201.5 | D232: =ROUND((M222/H222*100),0) | E232: =IF(D232>100,"ERROR",IF(D232>=61,3,IF(D232>=46,2,IF(D232>=16,1,IF(D232>15,0,0))))) | F232: =E232*0.2
A233: Rationale: If 0-15% Students get >=Target % then Attainment Level=0 If 15-45% Students get >=Target % then Attainment Level=1 If 45-60% Students get >=Target % then Attainment Level=2 If 60-100% Students get >=Target % then Attainment Level=3 | I233: Signature Subject Teacher:

Sheet Attainment CO to PO Sessional
A1: ='CO-PO Mapping'!A1:P1
A2: CO to PO & PSO Attainment Through Sessional Assessment
A3: ='CO-PO Mapping'!A3:P3
A4: ='CO-PO Mapping'!A4:P4
A5: Course Outcome | B5: PO1 | C5: PO2 | D5: PO3 | E5: PO4 | F5: PO5 | G5: PO6 | H5: PO7 | I5: PO8 | J5: PO9 | K5: PO10 | L5: PO11 | M5: PO12 | N5: PSO1 | O5: PSO2 | P5: PSO3
A6: CO23CS201.1 | B6: ='Attainment Sheet Sessional'!E228*'CO-PO Mapping'!B6/3 | C6: ='Attainment Sheet Sessional'!E228*'CO-PO Mapping'!C6/3 | D6: ='Attainment Sheet Sessional'!$E228*'CO-PO Mapping'!D6/3 | E6: ='Attainment Sheet Sessional'!$E228*'CO-PO Mapping'!E6/3 | F6: ='Attainment Sheet Sessional'!$E228*'CO-PO Mapping'!F6/3 | G6: ='Attainment Sheet Sessional'!$E228*'CO-PO Mapping'!G6/3 | H6: ='Attainment Sheet Sessional'!$E228*'CO-PO Mapping'!H6/3 | I6: ='Attainment Sheet Sessional'!$E228*'CO-PO Mapping'!I6/3 | J6: ='Attainment Sheet Sessional'!$E228*'CO-PO Mapping'!J6/3 | K6: ='Attainment Sheet Sessional'!$E228*'CO-PO Mapping'!K6/3 | ... P6: ='Attainment Sheet Sessional'!$E228*'CO-PO Mapping'!P6/3
A7: CO23CS201.2 | B7: ='Attainment Sheet Sessional'!E229*'CO-PO Mapping'!B7/3 | C7: ='Attainment Sheet Sessional'!E229*'CO-PO Mapping'!C7/3 | D7: ='Attainment Sheet Sessional'!$E229*'CO-PO Mapping'!D7/3 | E7: ='Attainment Sheet Sessional'!$E229*'CO-PO Mapping'!E7/3 | F7: ='Attainment Sheet Sessional'!$E229*'CO-PO Mapping'!F7/3 | G7: ='Attainment Sheet Sessional'!$E229*'CO-PO Mapping'!G7/3 | H7: ='Attainment Sheet Sessional'!$E229*'CO-PO Mapping'!H7/3 | I7: ='Attainment Sheet Sessional'!$E229*'CO-PO Mapping'!I7/3 | J7: ='Attainment Sheet Sessional'!$E229*'CO-PO Mapping'!J7/3 | K7: ='Attainment Sheet Sessional'!$E229*'CO-PO Mapping'!K7/3 | ... P7: ='Attainment Sheet Sessional'!$E229*'CO-PO Mapping'!P7/3
A8: CO23CS201.3 | B8: ='Attainment Sheet Sessional'!E230*'CO-PO Mapping'!B8/3 | C8: ='Attainment Sheet Sessional'!E230*'CO-PO Mapping'!C8/3 | D8: ='Attainment Sheet Sessional'!$E230*'CO-PO Mapping'!D8/3 | E8: ='Attainment Sheet Sessional'!$E230*'CO-PO Mapping'!E8/3 | F8: ='Attainment Sheet Sessional'!$E230*'CO-PO Mapping'!F8/3 | G8: ='Attainment Sheet Sessional'!$E230*'CO-PO Mapping'!G8/3 | H8: ='Attainment Sheet Sessional'!$E230*'CO-PO Mapping'!H8/3 | I8: ='Attainment Sheet Sessional'!$E230*'CO-PO Mapping'!I8/3 | J8: ='Attainment Sheet Sessional'!$E230*'CO-PO Mapping'!J8/3 | K8: ='Attainment Sheet Sessional'!$E230*'CO-PO Mapping'!K8/3 | ... P8: ='Attainment Sheet Sessional'!$E230*'CO-PO Mapping'!P8/3
A9: CO23CS201.4 | B9: ='Attainment Sheet Sessional'!E231*'CO-PO Mapping'!B9/3 | C9: ='Attainment Sheet Sessional'!E231*'CO-PO Mapping'!C9/3 | D9: ='Attainment Sheet Sessional'!$E231*'CO-PO Mapping'!D9/3 | E9: ='Attainment Sheet Sessional'!$E231*'CO-PO Mapping'!E9/3 | F9: ='Attainment Sheet Sessional'!$E231*'CO-PO Mapping'!F9/3 | G9: ='Attainment Sheet Sessional'!$E231*'CO-PO Mapping'!G9/3 | H9: ='Attainment Sheet Sessional'!$E231*'CO-PO Mapping'!H9/3 | I9: ='Attainment Sheet Sessional'!$E231*'CO-PO Mapping'!I9/3 | J9: ='Attainment Sheet Sessional'!$E231*'CO-PO Mapping'!J9/3 | K9: ='Attainment Sheet Sessional'!$E231*'CO-PO Mapping'!K9/3 | ... P9: ='Attainment Sheet Sessional'!$E231*'CO-PO Mapping'!P9/3
A10: CO23CS201.5 | B10: ='Attainment Sheet Sessional'!E232*'CO-PO Mapping'!B10/3 | C10: ='Attainment Sheet Sessional'!E232*'CO-PO Mapping'!C10/3 | D10: ='Attainment Sheet Sessional'!$E232*'CO-PO Mapping'!D10/3 | E10: ='Attainment Sheet Sessional'!$E232*'CO-PO Mapping'!E10/3 | F10: ='Attainment Sheet Sessional'!$E232*'CO-PO Mapping'!F10/3 | G10: ='Attainment Sheet Sessional'!$E232*'CO-PO Mapping'!G10/3 | H10: ='Attainment Sheet Sessional'!$E232*'CO-PO Mapping'!H10/3 | I10: ='Attainment Sheet Sessional'!$E232*'CO-PO Mapping'!I10/3 | J10: ='Attainment Sheet Sessional'!$E232*'CO-PO Mapping'!J10/3 | K10: ='Attainment Sheet Sessional'!$E232*'CO-PO Mapping'!K10/3 | ... P10: ='Attainment Sheet Sessional'!$E232*'CO-PO Mapping'!P10/3
A11: ='CO-PO Mapping'!A11 | B11: =AVERAGE(B6:B10) | C11: =AVERAGE(C6:C10) | D11: =AVERAGE(D6:D10) | E11: =AVERAGE(E6:E10) | F11: =AVERAGE(F6:F10) | G11: =AVERAGE(G6:G10) | H11: =AVERAGE(H6:H10) | I11: =AVERAGE(I6:I10) | ... P11: =AVERAGE(P6:P10)
A12: Signature Subject Teacher

Sheet Attainment Tool C to PO FINAL
A1: ='CO-PO Mapping'!A1:P1
A2: Course to PO & PSO Attainment From All Tools
A3: ='CO-PO Mapping'!A3:P3
A4: ='CO-PO Mapping'!A4:P4
A5: Course | B5: PO1 | C5: PO2 | D5: PO3 | E5: PO4 | F5: PO5 | G5: PO6 | H5: PO7 | I5: PO8 | J5: PO9 | K5: PO10 | L5: PO11 | M5: PO12 | N5: PSO1 | O5: PSO2 | P5: PSO3
A6: CO12FY201 | B6: =AVERAGE('Attainment Tool 1 C to PO'!B6,'Attainment CO to PO Sessional'!B11) | C6: =AVERAGE('Attainment Tool 1 C to PO'!C6,'Attainment CO to PO Sessional'!C11) | D6: =AVERAGE('Attainment Tool 1 C to PO'!D6,'Attainment CO to PO Sessional'!D11) | E6: =AVERAGE('Attainment Tool 1 C to PO'!E6,'Attainment CO to PO Sessional'!E11) | F6: =AVERAGE('Attainment Tool 1 C to PO'!F6,'Attainment CO to PO Sessional'!F11) | G6: =AVERAGE('Attainment Tool 1 C to PO'!G6,'Attainment CO to PO Sessional'!G11) | H6: =AVERAGE('Attainment Tool 1 C to PO'!H6,'Attainment CO to PO Sessional'!H11) | I6: =AVERAGE('Attainment Tool 1 C to PO'!I6,'Attainment CO to PO Sessional'!I11) | ... P6: =AVERAGE('Attainment Tool 1 C to PO'!P6,'Attainment CO to PO Sessional'!P11)
A7: CO12FY201 (Round Off) | B7: =ROUND(B6,0) | C7: =ROUND(C6,0) | D7: =ROUND(D6,0) | E7: =ROUND(E6,0) | F7: =ROUND(F6,0) | G7: =ROUND(G6,0) | H7: =ROUND(H6,0) | I7: =ROUND(I6,0) | ... P7: =ROUND(P6,0)
A8: Signature Subject Teacher
